product_id,company_id,company_name,product_type,original_sku,clean_sku
150,1,21st Century,raw-material,RM-C1-calcium-citrate-05c28cc3,calcium-citrate
151,1,21st Century,raw-material,RM-C1-cellulose-594d4ce6,cellulose
152,1,21st Century,raw-material,RM-C1-croscarmellose-sodium-ba050b0c,croscarmellose-sodium
153,1,21st Century,raw-material,RM-C1-magnesium-silicate-6045d1ce,magnesium-silicate
154,1,21st Century,raw-material,RM-C1-magnesium-stearate-fdedf242,magnesium-stearate
155,1,21st Century,raw-material,RM-C1-polyethylene-glycol-53cc28ba,polyethylene-glycol
156,1,21st Century,raw-material,RM-C1-polyvinyl-alcohol-ebfeea56,polyvinyl-alcohol
157,1,21st Century,raw-material,RM-C1-stearic-acid-9a014700,stearic-acid
158,1,21st Century,raw-material,RM-C1-titanium-dioxide-e460a12c,titanium-dioxide
159,1,21st Century,raw-material,RM-C1-vitamin-d3-cholecalciferol-67efce0f,vitamin-d3-cholecalciferol
160,2,ALL ONE,raw-material,RM-C2-ascorbic-acid-4823fabf,ascorbic-acid
161,2,ALL ONE,raw-material,RM-C2-beta-carotene-bb90cd60,beta-carotene
164,2,ALL ONE,raw-material,RM-C2-choline-bitartrate-296d4da4,choline-bitartrate
165,2,ALL ONE,raw-material,RM-C2-cyanocobalamin-c2d9669b,cyanocobalamin
166,2,ALL ONE,raw-material,RM-C2-d-alpha-tocopheryl-succinate-532e67fd,d-alpha-tocopheryl-succinate
167,2,ALL ONE,raw-material,RM-C2-d-calcium-pantothenate-bc49e976,d-calcium-pantothenate
168,2,ALL ONE,raw-material,RM-C2-hesperidin-complex-a26e0bcd,hesperidin-complex
169,2,ALL ONE,raw-material,RM-C2-inositol-a10dfe66,inositol
170,2,ALL ONE,raw-material,RM-C2-lemon-bioflavonoid-complex-0eeb9802,lemon-bioflavonoid-complex
172,2,ALL ONE,raw-material,RM-C2-manganese-2947a710,manganese
173,2,ALL ONE,raw-material,RM-C2-niacinamide-c27eb0fe,niacinamide
174,2,ALL ONE,raw-material,RM-C2-para-amino-benzoic-acid-b19c9ed7,para-amino-benzoic-acid
175,2,ALL ONE,raw-material,RM-C2-potassium-alginate-ab91bdcc,potassium-alginate
177,2,ALL ONE,raw-material,RM-C2-pyridoxine-hcl-0a843bcb,pyridoxine-hcl
178,2,ALL ONE,raw-material,RM-C2-riboflavin-a3d02436,riboflavin
179,2,ALL ONE,raw-material,RM-C2-rice-bran-1f905661,rice-bran
180,2,ALL ONE,raw-material,RM-C2-rice-protein-c17ff51d,rice-protein
181,2,ALL ONE,raw-material,RM-C2-rutin-e29ccf19,rutin
182,2,ALL ONE,raw-material,RM-C2-soy-lecithin-cc38c49d,soy-lecithin
183,2,ALL ONE,raw-material,RM-C2-thiamine-hcl-a714a4bf,thiamine-hcl
184,2,ALL ONE,raw-material,RM-C2-vitamin-a-palmitate-58b26912,vitamin-a-palmitate
186,3,AN PERFORMANCE,raw-material,RM-C3-citric-acid-6f4f6850,citric-acid
187,3,AN PERFORMANCE,raw-material,RM-C3-maltodextrin-9e221e16,maltodextrin
188,3,AN PERFORMANCE,raw-material,RM-C3-orange-flavor-10a9b501,orange-flavor
189,3,AN PERFORMANCE,raw-material,RM-C3-potassium-a7e6389c,potassium
190,3,AN PERFORMANCE,raw-material,RM-C3-sodium-bd233043,sodium
191,3,AN PERFORMANCE,raw-material,RM-C3-sugar-ef04e1fd,sugar
192,4,AlkemyPower,raw-material,RM-C4-calcium-c77f1de7,calcium
193,4,AlkemyPower,raw-material,RM-C4-magnesium-7058dcb8,magnesium
194,4,AlkemyPower,raw-material,RM-C4-potassium-4fd2e03c,potassium
196,5,Aloha,raw-material,RM-C5-blue-agave-inulin-b9f21209,blue-agave-inulin
197,5,Aloha,raw-material,RM-C5-brown-rice-protein-f2127b74,brown-rice-protein
198,5,Aloha,raw-material,RM-C5-cinnamon-28c1b925,cinnamon
199,5,Aloha,raw-material,RM-C5-coconut-sugar-72cdee92,coconut-sugar
200,5,Aloha,raw-material,RM-C5-ground-vanilla-beans-51d15fb4,ground-vanilla-beans
201,5,Aloha,raw-material,RM-C5-hemp-seed-protein-8695d4e3,hemp-seed-protein
202,5,Aloha,raw-material,RM-C5-medium-chain-triglycerides-mct-from-coconut-oil-69d4233c,medium-chain-triglycerides-mct-from-coconut-oil
203,5,Aloha,raw-material,RM-C5-monk-fruit-extract-a8190686,monk-fruit-extract
204,5,Aloha,raw-material,RM-C5-natural-flavor-177a6a66,natural-flavor
205,5,Aloha,raw-material,RM-C5-pea-protein-4369ae6b,pea-protein
206,5,Aloha,raw-material,RM-C5-pumpkin-seed-protein-e4230ea3,pumpkin-seed-protein
207,5,Aloha,raw-material,RM-C5-xanthan-gum-7ff5328f,xanthan-gum
208,6,Animal,raw-material,RM-C6-acesulfame-potassium-72a88908,acesulfame-potassium
209,6,Animal,raw-material,RM-C6-artificial-flavor-abc70ce1,artificial-flavor
210,6,Animal,raw-material,RM-C6-carrageenan-5724a865,carrageenan
211,6,Animal,raw-material,RM-C6-cellulose-gum-fbd9bf21,cellulose-gum
212,6,Animal,raw-material,RM-C6-cocoa-processed-with-alkali-4270adbb,cocoa-processed-with-alkali
213,6,Animal,raw-material,RM-C6-natural-flavor-89d4e0c4,natural-flavor
214,6,Animal,raw-material,RM-C6-sodium-chloride-baddece9,sodium-chloride
215,6,Animal,raw-material,RM-C6-soy-lecithin-5de90202,soy-lecithin
216,6,Animal,raw-material,RM-C6-sucralose-792c37c8,sucralose
217,6,Animal,raw-material,RM-C6-sunflower-lecithin-47e33a0e,sunflower-lecithin
218,6,Animal,raw-material,RM-C6-whey-protein-concentrate-3d85f0ab,whey-protein-concentrate
219,6,Animal,raw-material,RM-C6-whey-protein-isolate-0a63f8af,whey-protein-isolate
220,6,Animal,raw-material,RM-C6-xanthan-gum-ead6309f,xanthan-gum
221,7,BBEEAAUU,raw-material,RM-C7-b-vitamins-d6188591,b-vitamins
222,7,BBEEAAUU,raw-material,RM-C7-magnesium-964b9c23,magnesium
223,7,BBEEAAUU,raw-material,RM-C7-natural-flavors-ed1c092b,natural-flavors
224,7,BBEEAAUU,raw-material,RM-C7-potassium-c3344ceb,potassium
225,7,BBEEAAUU,raw-material,RM-C7-sodium-72777d06,sodium
226,7,BBEEAAUU,raw-material,RM-C7-stevia-or-sucralose-sweetener-a556c26e,stevia-or-sucralose-sweetener
227,7,BBEEAAUU,raw-material,RM-C7-vitamin-c-cd36dbb3,vitamin-c
228,7,BBEEAAUU,raw-material,RM-C7-zinc-d01732ec,zinc
229,8,Biochem,raw-material,RM-C8-cocoa-processed-with-alkali-bf29b228,cocoa-processed-with-alkali
230,8,Biochem,raw-material,RM-C8-natural-french-vanilla-flavor-440891d7,natural-french-vanilla-flavor
231,8,Biochem,raw-material,RM-C8-organic-cane-sugar-a6aae34c,organic-cane-sugar
232,8,Biochem,raw-material,RM-C8-sunflower-lecithin-f6a00a49,sunflower-lecithin
233,8,Biochem,raw-material,RM-C8-whey-protein-isolate-057891ce,whey-protein-isolate
234,8,Biochem,raw-material,RM-C8-xanthan-gum-e13cc7cd,xanthan-gum
235,9,Body Fortress,raw-material,RM-C9-acesulfame-potassium-82c4ce5f,acesulfame-potassium
236,9,Body Fortress,raw-material,RM-C9-ascorbic-acid-ee968c4e,ascorbic-acid
237,9,Body Fortress,raw-material,RM-C9-cellulose-gum-86c049a5,cellulose-gum
238,9,Body Fortress,raw-material,RM-C9-cocoa-82946ec0,cocoa
239,9,Body Fortress,raw-material,RM-C9-maltodextrin-273f0e8c,maltodextrin
240,9,Body Fortress,raw-material,RM-C9-natural-and-artificial-flavors-0702b8aa,natural-and-artificial-flavors
241,9,Body Fortress,raw-material,RM-C9-salt-79a25e0f,salt
242,9,Body Fortress,raw-material,RM-C9-sucralose-0d0ed3f1,sucralose
243,9,Body Fortress,raw-material,RM-C9-sunflower-lecithin-db6877ff,sunflower-lecithin
244,9,Body Fortress,raw-material,RM-C9-vitamin-c-46b8181f,vitamin-c
245,9,Body Fortress,raw-material,RM-C9-vitamin-d-f836407b,vitamin-d
246,9,Body Fortress,raw-material,RM-C9-vitamin-d3-1ac68852,vitamin-d3
247,9,Body Fortress,raw-material,RM-C9-whey-protein-concentrate-410208b7,whey-protein-concentrate
248,9,Body Fortress,raw-material,RM-C9-whey-protein-isolate-2d082fc2,whey-protein-isolate
249,9,Body Fortress,raw-material,RM-C9-zinc-eab3b1ef,zinc
250,9,Body Fortress,raw-material,RM-C9-zinc-oxide-d758de8e,zinc-oxide
251,10,BodyTech,raw-material,RM-C10-chloride-b98a465b,chloride
252,10,BodyTech,raw-material,RM-C10-citric-acid-8159ad4e,citric-acid
253,10,BodyTech,raw-material,RM-C10-concentrace-trace-minerals-4f4f68d2,concentrace-trace-minerals
254,10,BodyTech,raw-material,RM-C10-effervescent-base-ddcd1d62,effervescent-base
255,10,BodyTech,raw-material,RM-C10-natural-lemon-lime-flavor-2351fcc6,natural-lemon-lime-flavor
256,10,BodyTech,raw-material,RM-C10-potassium-4334e301,potassium
257,10,BodyTech,raw-material,RM-C10-vitamin-c-a3c07522,vitamin-c
259,11,CVS,raw-material,RM-C11-gelatin-capsule-bovine-42ef5483,gelatin-capsule-bovine
260,11,CVS,raw-material,RM-C11-magnesium-glycinate-309625e9,magnesium-glycinate
261,11,CVS,raw-material,RM-C11-rice-powder-3d1b7e08,rice-powder
262,11,CVS,raw-material,RM-C11-silica-1de71d67,silica
263,11,CVS,raw-material,RM-C11-vegetable-magnesium-stearate-a91ab707,vegetable-magnesium-stearate
264,12,Caltrate,raw-material,RM-C12-blue-2-lake-b1728ef8,blue-2-lake
265,12,Caltrate,raw-material,RM-C12-calcium-carbonate-7423a5f4,calcium-carbonate
266,12,Caltrate,raw-material,RM-C12-cholecalciferol-vitamin-d3-d24cbd0c,cholecalciferol-vitamin-d3
267,12,Caltrate,raw-material,RM-C12-copper-sulfate-18cbcb56,copper-sulfate
268,12,Caltrate,raw-material,RM-C12-croscarmellose-sodium-6986ada1,croscarmellose-sodium
269,12,Caltrate,raw-material,RM-C12-magnesium-oxide-80939af8,magnesium-oxide
270,12,Caltrate,raw-material,RM-C12-magnesium-stearate-1cf9b021,magnesium-stearate
271,12,Caltrate,raw-material,RM-C12-maltodextrin-2c5ab478,maltodextrin
272,12,Caltrate,raw-material,RM-C12-manganese-sulfate-a7c552be,manganese-sulfate
273,12,Caltrate,raw-material,RM-C12-polyethylene-glycol-8a996dc9,polyethylene-glycol
274,12,Caltrate,raw-material,RM-C12-polyvinyl-alcohol-bef41d00,polyvinyl-alcohol
275,12,Caltrate,raw-material,RM-C12-red-40-lake-8f2e0c08,red-40-lake
276,12,Caltrate,raw-material,RM-C12-talc-4e027cb7,talc
277,12,Caltrate,raw-material,RM-C12-titanium-dioxide-6699b33e,titanium-dioxide
278,12,Caltrate,raw-material,RM-C12-tocopherols-98f93e88,tocopherols
279,12,Caltrate,raw-material,RM-C12-yellow-6-lake-d8d481af,yellow-6-lake
280,12,Caltrate,raw-material,RM-C12-zinc-oxide-81626087,zinc-oxide
281,13,Care/of,raw-material,RM-C13-b-vitamins-00134c85,b-vitamins
282,13,Care/of,raw-material,RM-C13-energy-support-botanicals-nutrients-4823efcb,energy-support-botanicals-nutrients
283,13,Care/of,raw-material,RM-C13-probiotic-cultures-4fa0be80,probiotic-cultures
284,13,Care/of,raw-material,RM-C13-vitamin-d-b89cc23f,vitamin-d
285,14,Centrum,raw-material,RM-C14-b-vitamins-6b1105ff,b-vitamins
286,14,Centrum,raw-material,RM-C14-biotin-b128e9e7,biotin
287,14,Centrum,raw-material,RM-C14-calcium-1b8fb86e,calcium
288,14,Centrum,raw-material,RM-C14-chloride-3391a511,chloride
289,14,Centrum,raw-material,RM-C14-chromium-e949ac4b,chromium
290,14,Centrum,raw-material,RM-C14-copper-0315914d,copper
291,14,Centrum,raw-material,RM-C14-folate-65ea52b0,folate
292,14,Centrum,raw-material,RM-C14-gelatin-017eb28d,gelatin
293,14,Centrum,raw-material,RM-C14-iodine-f96d860c,iodine
294,14,Centrum,raw-material,RM-C14-iron-1f8c0d39,iron
295,14,Centrum,raw-material,RM-C14-lutein-c82b0e46,lutein
296,14,Centrum,raw-material,RM-C14-lycopene-92d0ad75,lycopene
297,14,Centrum,raw-material,RM-C14-magnesium-0ad704ee,magnesium
298,14,Centrum,raw-material,RM-C14-manganese-c9e87173,manganese
299,14,Centrum,raw-material,RM-C14-molybdenum-4a13d728,molybdenum
300,14,Centrum,raw-material,RM-C14-niacinamide-603dda4f,niacinamide
301,14,Centrum,raw-material,RM-C14-pantothenic-acid-9e8a871d,pantothenic-acid
302,14,Centrum,raw-material,RM-C14-potassium-e9dad6ca,potassium
303,14,Centrum,raw-material,RM-C14-riboflavin-cca38c81,riboflavin
304,14,Centrum,raw-material,RM-C14-selenium-95d94eb8,selenium
305,14,Centrum,raw-material,RM-C14-thiamine-904ca673,thiamine
306,14,Centrum,raw-material,RM-C14-vitamin-a-72b32d59,vitamin-a
307,14,Centrum,raw-material,RM-C14-vitamin-b1-9fb2f65d,vitamin-b1
308,14,Centrum,raw-material,RM-C14-vitamin-b12-296cc7e3,vitamin-b12
309,14,Centrum,raw-material,RM-C14-vitamin-b2-cad7cce6,vitamin-b2
310,14,Centrum,raw-material,RM-C14-vitamin-b6-c130b713,vitamin-b6
311,14,Centrum,raw-material,RM-C14-vitamin-c-e97cb4c7,vitamin-c
312,14,Centrum,raw-material,RM-C14-vitamin-d-0d97442e,vitamin-d
313,14,Centrum,raw-material,RM-C14-vitamin-e-7d43f6b1,vitamin-e
314,14,Centrum,raw-material,RM-C14-vitamin-k-8acc4148,vitamin-k
315,14,Centrum,raw-material,RM-C14-vitamin-k1-59e9cf97,vitamin-k1
316,14,Centrum,raw-material,RM-C14-zinc-35e67d6e,zinc
317,15,Cure Hydration,raw-material,RM-C15-beet-powder-584aabff,beet-powder
318,15,Cure Hydration,raw-material,RM-C15-coconut-water-powder-ed983a65,coconut-water-powder
319,15,Cure Hydration,raw-material,RM-C15-lemon-juice-powder-0952a268,lemon-juice-powder
320,15,Cure Hydration,raw-material,RM-C15-monk-fruit-extract-3b75b354,monk-fruit-extract
321,15,Cure Hydration,raw-material,RM-C15-non-gmo-citric-acid-7638d213,non-gmo-citric-acid
322,15,Cure Hydration,raw-material,RM-C15-organic-flavor-1c1273ac,organic-flavor
323,15,Cure Hydration,raw-material,RM-C15-organic-ginger-4318d2ea,organic-ginger
324,15,Cure Hydration,raw-material,RM-C15-organic-pomegranate-juice-powder-b89704e5,organic-pomegranate-juice-powder
325,15,Cure Hydration,raw-material,RM-C15-organic-stevia-extract-f10816df,organic-stevia-extract
326,15,Cure Hydration,raw-material,RM-C15-organic-turmeric-75c7aa52,organic-turmeric
327,15,Cure Hydration,raw-material,RM-C15-pink-himalayan-salt-7f2aeceb,pink-himalayan-salt
328,15,Cure Hydration,raw-material,RM-C15-sodium-citrate-2bb2e71f,sodium-citrate
329,16,Electrolit,raw-material,RM-C16-calcium-6951db19,calcium
330,16,Electrolit,raw-material,RM-C16-citric-acid-67e2da70,citric-acid
331,16,Electrolit,raw-material,RM-C16-magnesium-e731ae15,magnesium
332,16,Electrolit,raw-material,RM-C16-natural-flavors-2b576df4,natural-flavors
333,16,Electrolit,raw-material,RM-C16-potassium-3356f222,potassium
334,16,Electrolit,raw-material,RM-C16-sodium-ec6914d6,sodium
335,17,Equate,raw-material,RM-C17-ascorbic-acid-ab2a6348,ascorbic-acid
336,17,Equate,raw-material,RM-C17-ascorbyl-palmitate-f401359d,ascorbyl-palmitate
337,17,Equate,raw-material,RM-C17-bht-7970c2c1,bht
338,17,Equate,raw-material,RM-C17-beta-carotene-75e75e5d,beta-carotene
339,17,Equate,raw-material,RM-C17-biotin-07291e5b,biotin
340,17,Equate,raw-material,RM-C17-calcium-carbonate-164af619,calcium-carbonate
341,17,Equate,raw-material,RM-C17-carboxymethylcellulose-sodium-1d92bbc2,carboxymethylcellulose-sodium
342,17,Equate,raw-material,RM-C17-cholecalciferol-75e08048,cholecalciferol
343,17,Equate,raw-material,RM-C17-chromium-5721b069,chromium
344,17,Equate,raw-material,RM-C17-chromium-chloride-ac386ae8,chromium-chloride
345,17,Equate,raw-material,RM-C17-chromium-picolinate-9a349105,chromium-picolinate
346,17,Equate,raw-material,RM-C17-croscarmellose-sodium-a3e32460,croscarmellose-sodium
347,17,Equate,raw-material,RM-C17-cupric-oxide-95cf9a6a,cupric-oxide
348,17,Equate,raw-material,RM-C17-cupric-sulfate-38ac7927,cupric-sulfate
349,17,Equate,raw-material,RM-C17-cyanocobalamin-902cb05e,cyanocobalamin
350,17,Equate,raw-material,RM-C17-d-calcium-pantothenate-b22e6b6d,d-calcium-pantothenate
351,17,Equate,raw-material,RM-C17-dicalcium-phosphate-a5ed9ed7,dicalcium-phosphate
352,17,Equate,raw-material,RM-C17-fd-and-c-blue-no-2-lake-64e07256,fd-and-c-blue-no-2-lake
353,17,Equate,raw-material,RM-C17-fd-and-c-red-no-40-lake-0779ba16,fd-and-c-red-no-40-lake
354,17,Equate,raw-material,RM-C17-fd-and-c-yellow-no-6-lake-6685d42c,fd-and-c-yellow-no-6-lake
355,17,Equate,raw-material,RM-C17-ferrous-fumarate-1bb7e62c,ferrous-fumarate
356,17,Equate,raw-material,RM-C17-folic-acid-6c8e8f26,folic-acid
357,17,Equate,raw-material,RM-C17-gelatin-45b7cd2c,gelatin
358,17,Equate,raw-material,RM-C17-glucose-16858abc,glucose
359,17,Equate,raw-material,RM-C17-gum-arabic-21ea5acf,gum-arabic
360,17,Equate,raw-material,RM-C17-hydroxypropyl-methylcellulose-46512c9c,hydroxypropyl-methylcellulose
361,17,Equate,raw-material,RM-C17-lycopene-37067980,lycopene
362,17,Equate,raw-material,RM-C17-magnesium-oxide-2b403060,magnesium-oxide
363,17,Equate,raw-material,RM-C17-magnesium-stearate-6abf59fc,magnesium-stearate
364,17,Equate,raw-material,RM-C17-maltodextrin-8c87d5eb,maltodextrin
365,17,Equate,raw-material,RM-C17-manganese-sulfate-f60c6285,manganese-sulfate
366,17,Equate,raw-material,RM-C17-medium-chain-triglycerides-8f09d80d,medium-chain-triglycerides
367,17,Equate,raw-material,RM-C17-microcrystalline-cellulose-557e108b,microcrystalline-cellulose
368,17,Equate,raw-material,RM-C17-molybdenum-bc44eb9d,molybdenum
369,17,Equate,raw-material,RM-C17-niacin-3c2ef14d,niacin
370,17,Equate,raw-material,RM-C17-nicotinamide-bcdfeba8,nicotinamide
371,17,Equate,raw-material,RM-C17-pantothenic-acid-cc467f0a,pantothenic-acid
372,17,Equate,raw-material,RM-C17-phytonadione-55621c1e,phytonadione
373,17,Equate,raw-material,RM-C17-polydextrose-cd4814b7,polydextrose
374,17,Equate,raw-material,RM-C17-polyvinyl-alcohol-7d52bf18,polyvinyl-alcohol
375,17,Equate,raw-material,RM-C17-potassium-chloride-35a32d7a,potassium-chloride
376,17,Equate,raw-material,RM-C17-potassium-iodide-e373836a,potassium-iodide
377,17,Equate,raw-material,RM-C17-pyridoxine-hydrochloride-9ea3cd1b,pyridoxine-hydrochloride
378,17,Equate,raw-material,RM-C17-retinyl-acetate-464fff68,retinyl-acetate
379,17,Equate,raw-material,RM-C17-riboflavin-1e96c616,riboflavin
380,17,Equate,raw-material,RM-C17-selenium-3c5cc68c,selenium
381,17,Equate,raw-material,RM-C17-silica-53bc9dc6,silica
382,17,Equate,raw-material,RM-C17-sodium-aluminum-silicate-ad903eef,sodium-aluminum-silicate
383,17,Equate,raw-material,RM-C17-sodium-ascorbate-f4dc2885,sodium-ascorbate
384,17,Equate,raw-material,RM-C17-sodium-benzoate-4b00adc9,sodium-benzoate
385,17,Equate,raw-material,RM-C17-sodium-molybdate-0f7d838a,sodium-molybdate
386,17,Equate,raw-material,RM-C17-sodium-selenite-733ab69c,sodium-selenite
387,17,Equate,raw-material,RM-C17-sodium-starch-glycolate-027c1542,sodium-starch-glycolate
388,17,Equate,raw-material,RM-C17-sorbic-acid-c99fcf34,sorbic-acid
389,17,Equate,raw-material,RM-C17-sorbitol-fe5cb8ba,sorbitol
390,17,Equate,raw-material,RM-C17-starch-2edb910e,starch
391,17,Equate,raw-material,RM-C17-sucrose-efa729e9,sucrose
392,17,Equate,raw-material,RM-C17-sunflower-oil-bb851f70,sunflower-oil
393,17,Equate,raw-material,RM-C17-thiamine-3ad733ed,thiamine
394,17,Equate,raw-material,RM-C17-thiamine-mononitrate-b51b48ac,thiamine-mononitrate
395,17,Equate,raw-material,RM-C17-titanium-dioxide-341f50d1,titanium-dioxide
396,17,Equate,raw-material,RM-C17-tocopherols-a8fa557b,tocopherols
397,17,Equate,raw-material,RM-C17-tricalcium-phosphate-431a4818,tricalcium-phosphate
398,17,Equate,raw-material,RM-C17-vitamin-a-8273c020,vitamin-a
399,17,Equate,raw-material,RM-C17-vitamin-b12-79c7611a,vitamin-b12
400,17,Equate,raw-material,RM-C17-vitamin-b6-64f65ea4,vitamin-b6
401,17,Equate,raw-material,RM-C17-vitamin-c-44b4a0f7,vitamin-c
402,17,Equate,raw-material,RM-C17-vitamin-d3-e8b80826,vitamin-d3
403,17,Equate,raw-material,RM-C17-vitamin-e-d3ec2225,vitamin-e
404,17,Equate,raw-material,RM-C17-vitamin-k-bc485b26,vitamin-k
405,17,Equate,raw-material,RM-C17-zinc-oxide-add96a17,zinc-oxide
406,17,Equate,raw-material,RM-C17-dl-alpha-tocopherol-68b372d5,dl-alpha-tocopherol
407,17,Equate,raw-material,RM-C17-dl-alpha-tocopheryl-acetate-153b1b41,dl-alpha-tocopheryl-acetate
408,17,Equate,raw-material,RM-C17-dl-tartaric-acid-d0c76b57,dl-tartaric-acid
409,18,GMU SPORT,raw-material,RM-C18-bcaas-162e8977,bcaas
410,18,GMU SPORT,raw-material,RM-C18-collagen-peptides-45fc58ed,collagen-peptides
411,18,GMU SPORT,raw-material,RM-C18-digestive-enzymes-5dab88c4,digestive-enzymes
412,18,GMU SPORT,raw-material,RM-C18-lecithin-a7f2d498,lecithin
413,18,GMU SPORT,raw-material,RM-C18-natural-and-artificial-flavors-0e9a8451,natural-and-artificial-flavors
414,18,GMU SPORT,raw-material,RM-C18-whey-protein-isolate-5a7e86bf,whey-protein-isolate
415,19,GNC,raw-material,RM-C19-calcium-c18ce14f,calcium
416,19,GNC,raw-material,RM-C19-carnauba-wax-217a6c92,carnauba-wax
417,19,GNC,raw-material,RM-C19-dicalcium-phosphate-2e99d674,dicalcium-phosphate
418,19,GNC,raw-material,RM-C19-gelatin-33f6d946,gelatin
419,19,GNC,raw-material,RM-C19-gum-arabic-d8b5f627,gum-arabic
420,19,GNC,raw-material,RM-C19-hydroxypropylmethylcellulose-eb1c22cf,hydroxypropylmethylcellulose
421,19,GNC,raw-material,RM-C19-magnesium-oxide-22a42bff,magnesium-oxide
422,19,GNC,raw-material,RM-C19-magnesium-stearate-63974975,magnesium-stearate
423,19,GNC,raw-material,RM-C19-microcrystalline-cellulose-652ba547,microcrystalline-cellulose
424,19,GNC,raw-material,RM-C19-polyethylene-glycol-42d8398a,polyethylene-glycol
425,19,GNC,raw-material,RM-C19-polysorbate-80-d1fa702e,polysorbate-80
426,19,GNC,raw-material,RM-C19-silicon-dioxide-8f3934a0,silicon-dioxide
427,19,GNC,raw-material,RM-C19-stearic-acid-3d5eb908,stearic-acid
428,19,GNC,raw-material,RM-C19-sucrose-c6abca6a,sucrose
429,19,GNC,raw-material,RM-C19-titanium-dioxide-6921e678,titanium-dioxide
430,19,GNC,raw-material,RM-C19-vegetable-acetoglycerides-14dd8d70,vegetable-acetoglycerides
431,19,GNC,raw-material,RM-C19-vitamin-d3-cholecalciferol-3f392102,vitamin-d3-cholecalciferol
432,20,Garden of Life,raw-material,RM-C20-bifidobacterium-lactis-bl-04-5b08978c,bifidobacterium-lactis-bl-04
433,20,Garden of Life,raw-material,RM-C20-milk-protein-6d7328df,milk-protein
434,20,Garden of Life,raw-material,RM-C20-organic-erythritol-7dc0aad5,organic-erythritol
435,20,Garden of Life,raw-material,RM-C20-organic-gum-acacia-17c541a3,organic-gum-acacia
436,20,Garden of Life,raw-material,RM-C20-organic-stevia-extract-leaf-e803f0cb,organic-stevia-extract-leaf
437,20,Garden of Life,raw-material,RM-C20-organic-tapioca-fiber-imo-efc511c2,organic-tapioca-fiber-imo
438,20,Garden of Life,raw-material,RM-C20-organic-vanilla-flavors-713ec126,organic-vanilla-flavors
439,20,Garden of Life,raw-material,RM-C20-sea-salt-1e8490d8,sea-salt
440,20,Garden of Life,raw-material,RM-C20-sunflower-lecithin-34d25076,sunflower-lecithin
441,20,Garden of Life,raw-material,RM-C20-whey-protein-isolate-bfe00719,whey-protein-isolate
442,22,GreeNatr,raw-material,RM-C22-magnesium-citrate-086264b4,magnesium-citrate
443,22,GreeNatr,raw-material,RM-C22-magnesium-glycinate-946fc249,magnesium-glycinate
444,22,GreeNatr,raw-material,RM-C22-magnesium-malate-fbb003be,magnesium-malate
445,22,GreeNatr,raw-material,RM-C22-magnesium-oxide-c1a77e26,magnesium-oxide
446,23,Greens First,raw-material,RM-C23-fructooligosaccharides-e129cdd9,fructooligosaccharides
447,23,Greens First,raw-material,RM-C23-natural-vanilla-a59abdd6,natural-vanilla
448,23,Greens First,raw-material,RM-C23-stevia-25f8dd86,stevia
449,23,Greens First,raw-material,RM-C23-whey-protein-concentrate-55ceaff9,whey-protein-concentrate
450,23,Greens First,raw-material,RM-C23-whey-protein-isolate-4ac9a835,whey-protein-isolate
451,23,Greens First,raw-material,RM-C23-xanthan-gum-d9789f5b,xanthan-gum
452,24,Jarrow Formulas,raw-material,RM-C24-glycerin-6cb5343a,glycerin
453,24,Jarrow Formulas,raw-material,RM-C24-olive-oil-1c285951,olive-oil
454,24,Jarrow Formulas,raw-material,RM-C24-softgel-bovine-gelatin-81674934,softgel-bovine-gelatin
455,24,Jarrow Formulas,raw-material,RM-C24-vitamin-d3-cholecalciferol-0949dd9f,vitamin-d3-cholecalciferol
457,25,Kirkland Signature,raw-material,RM-C25-ascorbic-acid-c727ed5c,ascorbic-acid
458,25,Kirkland Signature,raw-material,RM-C25-b-vitamins-46e3c4f9,b-vitamins
459,25,Kirkland Signature,raw-material,RM-C25-calcium-carbonate-4eb96085,calcium-carbonate
460,25,Kirkland Signature,raw-material,RM-C25-calcium-citrate-02aa8da0,calcium-citrate
461,25,Kirkland Signature,raw-material,RM-C25-chromium-6ae0933c,chromium
462,25,Kirkland Signature,raw-material,RM-C25-copper-5e0fc5d5,copper
463,25,Kirkland Signature,raw-material,RM-C25-dicalcium-phosphate-2dbbfc34,dicalcium-phosphate
464,25,Kirkland Signature,raw-material,RM-C25-ferrous-fumarate-1e0f20e4,ferrous-fumarate
465,25,Kirkland Signature,raw-material,RM-C25-gelatin-121e19eb,gelatin
466,25,Kirkland Signature,raw-material,RM-C25-glycerin-d32adb62,glycerin
467,25,Kirkland Signature,raw-material,RM-C25-magnesium-b5c61094,magnesium
468,25,Kirkland Signature,raw-material,RM-C25-magnesium-oxide-e49e39a0,magnesium-oxide
469,25,Kirkland Signature,raw-material,RM-C25-manganese-6ca1ae84,manganese
470,25,Kirkland Signature,raw-material,RM-C25-microcrystalline-cellulose-6d0e7fe3,microcrystalline-cellulose
471,25,Kirkland Signature,raw-material,RM-C25-potassium-chloride-f927469d,potassium-chloride
472,25,Kirkland Signature,raw-material,RM-C25-selenium-e14cba90,selenium
473,25,Kirkland Signature,raw-material,RM-C25-soybean-oil-a542aa7c,soybean-oil
474,25,Kirkland Signature,raw-material,RM-C25-vitamin-a-2910180c,vitamin-a
475,25,Kirkland Signature,raw-material,RM-C25-vitamin-d-aa256974,vitamin-d
476,25,Kirkland Signature,raw-material,RM-C25-vitamin-d3-5116d136,vitamin-d3
477,25,Kirkland Signature,raw-material,RM-C25-vitamin-d3-cholecalciferol-564712ba,vitamin-d3-cholecalciferol
478,25,Kirkland Signature,raw-material,RM-C25-vitamin-e-4f4c99b8,vitamin-e
479,25,Kirkland Signature,raw-material,RM-C25-vitamin-k-d253aa53,vitamin-k
480,25,Kirkland Signature,raw-material,RM-C25-zinc-a4c54648,zinc
481,26,LMNT,raw-material,RM-C26-citric-acid-fa037e6f,citric-acid
482,26,LMNT,raw-material,RM-C26-magnesium-malate-98ccabb5,magnesium-malate
483,26,LMNT,raw-material,RM-C26-natural-flavor-1d5bbf86,natural-flavor
484,26,LMNT,raw-material,RM-C26-natural-flavors-20d1db28,natural-flavors
485,26,LMNT,raw-material,RM-C26-potassium-chloride-414b5246,potassium-chloride
486,26,LMNT,raw-material,RM-C26-salt-sodium-chloride-dd396d8b,salt-sodium-chloride
487,26,LMNT,raw-material,RM-C26-stevia-leaf-extract-40dbb2cc,stevia-leaf-extract
488,27,Liquid I.V.,raw-material,RM-C27-citric-acid-22adab04,citric-acid
489,27,Liquid I.V.,raw-material,RM-C27-dextrose-7cf0a4ab,dextrose
490,27,Liquid I.V.,raw-material,RM-C27-dipotassium-phosphate-0471d680,dipotassium-phosphate
491,27,Liquid I.V.,raw-material,RM-C27-natural-flavor-1bb80751,natural-flavor
492,27,Liquid I.V.,raw-material,RM-C27-natural-strawberry-flavor-6678e15f,natural-strawberry-flavor
493,27,Liquid I.V.,raw-material,RM-C27-potassium-citrate-b91db2ed,potassium-citrate
494,27,Liquid I.V.,raw-material,RM-C27-pure-cane-sugar-44f6c2d3,pure-cane-sugar
495,27,Liquid I.V.,raw-material,RM-C27-salt-848383fa,salt
496,27,Liquid I.V.,raw-material,RM-C27-silicon-dioxide-3e48964c,silicon-dioxide
497,27,Liquid I.V.,raw-material,RM-C27-sodium-citrate-08487851,sodium-citrate
498,27,Liquid I.V.,raw-material,RM-C27-stevia-leaf-extract-rebaudioside-a-7b086972,stevia-leaf-extract-rebaudioside-a
499,27,Liquid I.V.,raw-material,RM-C27-vitamin-b12-cyanocobalamin-2da25f81,vitamin-b12-cyanocobalamin
500,27,Liquid I.V.,raw-material,RM-C27-vitamin-b3-niacinamide-7dfaf6f5,vitamin-b3-niacinamide
501,27,Liquid I.V.,raw-material,RM-C27-vitamin-b5-d-calcium-pantothenate-fd43f6c0,vitamin-b5-d-calcium-pantothenate
502,27,Liquid I.V.,raw-material,RM-C27-vitamin-b6-pyridoxine-hydrochloride-bb52b75a,vitamin-b6-pyridoxine-hydrochloride
503,27,Liquid I.V.,raw-material,RM-C27-vitamin-c-ascorbic-acid-2d17523d,vitamin-c-ascorbic-acid
504,28,NOW Foods,raw-material,RM-C28-ascorbyl-palmitate-373a4bfa,ascorbyl-palmitate
506,28,NOW Foods,raw-material,RM-C28-glycerin-85e43afb,glycerin
507,28,NOW Foods,raw-material,RM-C28-hypromellose-155bba6b,hypromellose
508,28,NOW Foods,raw-material,RM-C28-magnesium-citrate-d364c220,magnesium-citrate
509,28,NOW Foods,raw-material,RM-C28-safflower-oil-a84bc3ce,safflower-oil
510,28,NOW Foods,raw-material,RM-C28-silicon-dioxide-8891b60f,silicon-dioxide
511,28,NOW Foods,raw-material,RM-C28-softgel-capsule-bovine-gelatin-5a1a1582,softgel-capsule-bovine-gelatin
512,28,NOW Foods,raw-material,RM-C28-vitamin-d3-cholecalciferol-8956b79c,vitamin-d3-cholecalciferol
514,29,Natural Factors,raw-material,RM-C29-dibasic-calcium-phosphate-dihydrate-ef3ab6b0,dibasic-calcium-phosphate-dihydrate
515,29,Natural Factors,raw-material,RM-C29-magnesium-stearate-589caed7,magnesium-stearate
516,29,Natural Factors,raw-material,RM-C29-microcrystalline-cellulose-734eb550,microcrystalline-cellulose
517,29,Natural Factors,raw-material,RM-C29-vitamin-d3-cholecalciferol-aedcde8b,vitamin-d3-cholecalciferol
518,30,Nature Made,raw-material,RM-C30-acacia-gum-fc79918e,acacia-gum
519,30,Nature Made,raw-material,RM-C30-b-vitamins-363953a0,b-vitamins
520,30,Nature Made,raw-material,RM-C30-calcium-carbonate-dd9f47aa,calcium-carbonate
521,30,Nature Made,raw-material,RM-C30-carboxymethylcellulose-sodium-c79871c7,carboxymethylcellulose-sodium
522,30,Nature Made,raw-material,RM-C30-carnauba-wax-302c3873,carnauba-wax
523,30,Nature Made,raw-material,RM-C30-cellulose-gel-66b4a4d5,cellulose-gel
524,30,Nature Made,raw-material,RM-C30-citric-acid-d939ac85,citric-acid
525,30,Nature Made,raw-material,RM-C30-croscarmellose-sodium-6e3702fa,croscarmellose-sodium
526,30,Nature Made,raw-material,RM-C30-epicor-postbiotic-57bf1fc9,epicor-postbiotic
527,30,Nature Made,raw-material,RM-C30-gelatin-2e7ec9f6,gelatin
528,30,Nature Made,raw-material,RM-C30-glycerin-8bc0ab1f,glycerin
529,30,Nature Made,raw-material,RM-C30-hypromellose-917a9b27,hypromellose
530,30,Nature Made,raw-material,RM-C30-iron-411b5c14,iron
531,30,Nature Made,raw-material,RM-C30-magnesium-bisglycinate-c6e583c4,magnesium-bisglycinate
532,30,Nature Made,raw-material,RM-C30-magnesium-citrate-31b1d4da,magnesium-citrate
533,30,Nature Made,raw-material,RM-C30-magnesium-glycinate-ba21d239,magnesium-glycinate
534,30,Nature Made,raw-material,RM-C30-magnesium-malate-41278a52,magnesium-malate
535,30,Nature Made,raw-material,RM-C30-magnesium-oxide-a499cb62,magnesium-oxide
536,30,Nature Made,raw-material,RM-C30-magnesium-stearate-201fdf47,magnesium-stearate
537,30,Nature Made,raw-material,RM-C30-maltodextrin-65cad49f,maltodextrin
538,30,Nature Made,raw-material,RM-C30-medium-chain-triglycerides-b74dc13f,medium-chain-triglycerides
539,30,Nature Made,raw-material,RM-C30-microcrystalline-cellulose-98dc8e4d,microcrystalline-cellulose
540,30,Nature Made,raw-material,RM-C30-modified-food-starch-961c9833,modified-food-starch
541,30,Nature Made,raw-material,RM-C30-palm-oil-f9de4c81,palm-oil
542,30,Nature Made,raw-material,RM-C30-rice-flour-947be4ee,rice-flour
543,30,Nature Made,raw-material,RM-C30-silica-903baaf4,silica
544,30,Nature Made,raw-material,RM-C30-silicon-dioxide-47cf951f,silicon-dioxide
545,30,Nature Made,raw-material,RM-C30-soybean-oil-e0b7881a,soybean-oil
546,30,Nature Made,raw-material,RM-C30-starch-883b427a,starch
547,30,Nature Made,raw-material,RM-C30-stearic-acid-19acfab5,stearic-acid
548,30,Nature Made,raw-material,RM-C30-sugar-0bdf5d67,sugar
549,30,Nature Made,raw-material,RM-C30-vegetarian-capsule-ea92a1d1,vegetarian-capsule
550,30,Nature Made,raw-material,RM-C30-vitamin-a-600bcca5,vitamin-a
551,30,Nature Made,raw-material,RM-C30-vitamin-c-5399011f,vitamin-c
552,30,Nature Made,raw-material,RM-C30-vitamin-d3-e0800226,vitamin-d3
553,30,Nature Made,raw-material,RM-C30-vitamin-d3-cholecalciferol-559c9699,vitamin-d3-cholecalciferol
554,30,Nature Made,raw-material,RM-C30-vitamin-e-5cbd51e2,vitamin-e
555,30,Nature Made,raw-material,RM-C30-vitamin-k2-menaquinone-7-859f4a44,vitamin-k2-menaquinone-7
557,30,Nature Made,raw-material,RM-C30-zinc-f5b864e3,zinc
558,31,Nature's Bounty,raw-material,RM-C31-ascorbyl-palmitate-cdce22fe,ascorbyl-palmitate
559,31,Nature's Bounty,raw-material,RM-C31-corn-oil-1009aec3,corn-oil
560,31,Nature's Bounty,raw-material,RM-C31-gelatin-64baa1c8,gelatin
561,31,Nature's Bounty,raw-material,RM-C31-magnesium-glycinate-74e5e25d,magnesium-glycinate
562,31,Nature's Bounty,raw-material,RM-C31-soybean-oil-a030edea,soybean-oil
563,31,Nature's Bounty,raw-material,RM-C31-vegetable-cellulose-6da081fc,vegetable-cellulose
564,31,Nature's Bounty,raw-material,RM-C31-vegetable-glycerin-78229fba,vegetable-glycerin
565,31,Nature's Bounty,raw-material,RM-C31-vitamin-d3-cholecalciferol-6e6ef79b,vitamin-d3-cholecalciferol
566,32,Nature's Nutrition,raw-material,RM-C32-aquamin-mg-soluble-2229f585,aquamin-mg-soluble
567,32,Nature's Nutrition,raw-material,RM-C32-ascorbic-acid-e21a79c1,ascorbic-acid
568,32,Nature's Nutrition,raw-material,RM-C32-calcium-d-pantothenate-5db35528,calcium-d-pantothenate
569,32,Nature's Nutrition,raw-material,RM-C32-calcium-citrate-2f9465c9,calcium-citrate
570,32,Nature's Nutrition,raw-material,RM-C32-cyanocobalamin-3d4cc1db,cyanocobalamin
571,32,Nature's Nutrition,raw-material,RM-C32-magnesium-citrate-199478da,magnesium-citrate
572,32,Nature's Nutrition,raw-material,RM-C32-manganese-chelate-3e7e37a6,manganese-chelate
573,32,Nature's Nutrition,raw-material,RM-C32-niacin-6e777dec,niacin
574,32,Nature's Nutrition,raw-material,RM-C32-pink-himalayan-salt-3eab5c0a,pink-himalayan-salt
575,32,Nature's Nutrition,raw-material,RM-C32-potassium-citrate-ec7e555a,potassium-citrate
576,32,Nature's Nutrition,raw-material,RM-C32-pyridoxine-hcl-b18e1d94,pyridoxine-hcl
577,32,Nature's Nutrition,raw-material,RM-C32-sodium-chloride-c98dabe3,sodium-chloride
578,32,Nature's Nutrition,raw-material,RM-C32-zinc-oxide-1bf96a0d,zinc-oxide
579,33,New Chapter,raw-material,RM-C33-b-vitamins-3aef7be4,b-vitamins
580,33,New Chapter,raw-material,RM-C33-biotin-dd51a7e1,biotin
581,33,New Chapter,raw-material,RM-C33-carnauba-wax-81404016,carnauba-wax
582,33,New Chapter,raw-material,RM-C33-ferment-media-c911f8c0,ferment-media
583,33,New Chapter,raw-material,RM-C33-folate-b7efc577,folate
584,33,New Chapter,raw-material,RM-C33-lac-resin-c604fad6,lac-resin
585,33,New Chapter,raw-material,RM-C33-niacin-151277db,niacin
586,33,New Chapter,raw-material,RM-C33-organic-coating-83434eb0,organic-coating
587,33,New Chapter,raw-material,RM-C33-organic-gum-acacia-32c6f17e,organic-gum-acacia
588,33,New Chapter,raw-material,RM-C33-organic-maltodextrin-3279a920,organic-maltodextrin
589,33,New Chapter,raw-material,RM-C33-pantothenic-acid-39dfb546,pantothenic-acid
590,33,New Chapter,raw-material,RM-C33-riboflavin-f24838be,riboflavin
591,33,New Chapter,raw-material,RM-C33-selenium-5e6509a0,selenium
592,33,New Chapter,raw-material,RM-C33-silica-a853ee85,silica
593,33,New Chapter,raw-material,RM-C33-thiamin-1c74da1a,thiamin
594,33,New Chapter,raw-material,RM-C33-vitamin-a-4518d5ec,vitamin-a
595,33,New Chapter,raw-material,RM-C33-vitamin-b12-000a19b7,vitamin-b12
596,33,New Chapter,raw-material,RM-C33-vitamin-b6-fadb33a5,vitamin-b6
597,33,New Chapter,raw-material,RM-C33-vitamin-c-cc2f941d,vitamin-c
598,33,New Chapter,raw-material,RM-C33-vitamin-d3-cd036b64,vitamin-d3
599,33,New Chapter,raw-material,RM-C33-vitamin-e-d3ce1b4f,vitamin-e
600,33,New Chapter,raw-material,RM-C33-vitamin-k-2f127d05,vitamin-k
601,33,New Chapter,raw-material,RM-C33-zinc-5e8d3f7e,zinc
603,34,Nordic Naturals,raw-material,RM-C34-glycerin-ae7d95de,glycerin
605,34,Nordic Naturals,raw-material,RM-C34-soft-gel-capsule-bovine-gelatin-7f9790b5,soft-gel-capsule-bovine-gelatin
606,34,Nordic Naturals,raw-material,RM-C34-vitamin-d3-cholecalciferol-7e2cad2a,vitamin-d3-cholecalciferol
607,35,NutriBiotic,raw-material,RM-C35-calcium-carbonate-d0e0b4e2,calcium-carbonate
608,35,NutriBiotic,raw-material,RM-C35-chromium-nicotinate-5344125d,chromium-nicotinate
609,35,NutriBiotic,raw-material,RM-C35-magnesium-carbonate-192d24ea,magnesium-carbonate
610,35,NutriBiotic,raw-material,RM-C35-magnesium-stearate-e0ea85f7,magnesium-stearate
611,35,NutriBiotic,raw-material,RM-C35-potassium-gluconate-1edd6ca1,potassium-gluconate
612,35,NutriBiotic,raw-material,RM-C35-sodium-chloride-235bec7e,sodium-chloride
613,35,NutriBiotic,raw-material,RM-C35-vegan-capsule-d9a85712,vegan-capsule
614,35,NutriBiotic,raw-material,RM-C35-vitamin-c-l-ascorbic-acid-17da2399,vitamin-c-l-ascorbic-acid
615,35,NutriBiotic,raw-material,RM-C35-zinc-sulfate-04f0fb89,zinc-sulfate
616,36,Nutricost,raw-material,RM-C36-acesulfame-potassium-553079fd,acesulfame-potassium
617,36,Nutricost,raw-material,RM-C36-cocoa-powder-99916811,cocoa-powder
618,36,Nutricost,raw-material,RM-C36-natural-flavors-82a902e9,natural-flavors
619,36,Nutricost,raw-material,RM-C36-soy-lecithin-e5096e4a,soy-lecithin
620,36,Nutricost,raw-material,RM-C36-sucralose-d02d5b0f,sucralose
621,36,Nutricost,raw-material,RM-C36-whey-protein-concentrate-7323d34b,whey-protein-concentrate
622,37,One A Day,raw-material,RM-C37-ascorbic-acid-2dce8c2c,ascorbic-acid
623,37,One A Day,raw-material,RM-C37-beta-carotene-4a5e8c4f,beta-carotene
624,37,One A Day,raw-material,RM-C37-biotin-2d59ee9a,biotin
625,37,One A Day,raw-material,RM-C37-calcium-carbonate-4d035065,calcium-carbonate
626,37,One A Day,raw-material,RM-C37-cholecalciferol-f6d103e4,cholecalciferol
627,37,One A Day,raw-material,RM-C37-chromium-chloride-29a65259,chromium-chloride
628,37,One A Day,raw-material,RM-C37-copper-84081b0a,copper
629,37,One A Day,raw-material,RM-C37-copper-sulfate-31751952,copper-sulfate
630,37,One A Day,raw-material,RM-C37-croscarmellose-sodium-08ab6ca3,croscarmellose-sodium
631,37,One A Day,raw-material,RM-C37-cyanocobalamin-e7d33656,cyanocobalamin
632,37,One A Day,raw-material,RM-C37-d-calcium-pantothenate-baa38478,d-calcium-pantothenate
633,37,One A Day,raw-material,RM-C37-folic-acid-2bb2a34c,folic-acid
634,37,One A Day,raw-material,RM-C37-gelatin-a40fdc3f,gelatin
635,37,One A Day,raw-material,RM-C37-gummy-base-7cb34dcd,gummy-base
636,37,One A Day,raw-material,RM-C37-hydroxypropyl-methylcellulose-6110db19,hydroxypropyl-methylcellulose
637,37,One A Day,raw-material,RM-C37-inulin-c35ef509,inulin
638,37,One A Day,raw-material,RM-C37-lycopene-8cb6cef4,lycopene
639,37,One A Day,raw-material,RM-C37-magnesium-oxide-f07b6a9a,magnesium-oxide
640,37,One A Day,raw-material,RM-C37-maltodextrin-8bbe7b7e,maltodextrin
641,37,One A Day,raw-material,RM-C37-manganese-11c87791,manganese
642,37,One A Day,raw-material,RM-C37-manganese-sulfate-1324ef0a,manganese-sulfate
643,37,One A Day,raw-material,RM-C37-medium-chain-triglycerides-c9f8b215,medium-chain-triglycerides
644,37,One A Day,raw-material,RM-C37-microcrystalline-cellulose-613163d9,microcrystalline-cellulose
645,37,One A Day,raw-material,RM-C37-natural-flavors-cbe92289,natural-flavors
646,37,One A Day,raw-material,RM-C37-niacin-578ac50b,niacin
647,37,One A Day,raw-material,RM-C37-niacinamide-51ff204b,niacinamide
648,37,One A Day,raw-material,RM-C37-pantothenic-acid-9279a870,pantothenic-acid
649,37,One A Day,raw-material,RM-C37-polyvinylpolypyrrolidone-7e317c46,polyvinylpolypyrrolidone
650,37,One A Day,raw-material,RM-C37-potassium-iodide-f9b2b205,potassium-iodide
651,37,One A Day,raw-material,RM-C37-pyridoxine-hydrochloride-67345b25,pyridoxine-hydrochloride
652,37,One A Day,raw-material,RM-C37-riboflavin-ece92ffe,riboflavin
653,37,One A Day,raw-material,RM-C37-selenium-f5f4d7c6,selenium
654,37,One A Day,raw-material,RM-C37-silicon-dioxide-16967f77,silicon-dioxide
655,37,One A Day,raw-material,RM-C37-sodium-selenite-5b7a29da,sodium-selenite
656,37,One A Day,raw-material,RM-C37-stearic-acid-8fe47daa,stearic-acid
657,37,One A Day,raw-material,RM-C37-thiamin-34ea3d66,thiamin
658,37,One A Day,raw-material,RM-C37-thiamine-mononitrate-1795539a,thiamine-mononitrate
659,37,One A Day,raw-material,RM-C37-vitamin-a-1b4aced9,vitamin-a
660,37,One A Day,raw-material,RM-C37-vitamin-a-acetate-c9020dfa,vitamin-a-acetate
661,37,One A Day,raw-material,RM-C37-vitamin-b12-3cf1dc01,vitamin-b12
662,37,One A Day,raw-material,RM-C37-vitamin-b6-6cd7e57e,vitamin-b6
663,37,One A Day,raw-material,RM-C37-vitamin-c-32bfc0a0,vitamin-c
664,37,One A Day,raw-material,RM-C37-vitamin-d-e888c721,vitamin-d
665,37,One A Day,raw-material,RM-C37-vitamin-e-cf6cd7f8,vitamin-e
666,37,One A Day,raw-material,RM-C37-vitamin-k-8eb31269,vitamin-k
667,37,One A Day,raw-material,RM-C37-zinc-eacf0348,zinc
668,37,One A Day,raw-material,RM-C37-zinc-oxide-b733fd8f,zinc-oxide
669,37,One A Day,raw-material,RM-C37-dl-alpha-tocopheryl-acetate-50d2f8bd,dl-alpha-tocopheryl-acetate
670,38,Optimum Nutrition,raw-material,RM-C38-acesulfame-potassium-f51994fd,acesulfame-potassium
671,38,Optimum Nutrition,raw-material,RM-C38-artificial-flavor-66466071,artificial-flavor
672,38,Optimum Nutrition,raw-material,RM-C38-cellulose-gum-4260e588,cellulose-gum
673,38,Optimum Nutrition,raw-material,RM-C38-cocoa-powder-processed-with-alkali-fc69b9d4,cocoa-powder-processed-with-alkali
674,38,Optimum Nutrition,raw-material,RM-C38-hydrolyzed-whey-protein-9f15d933,hydrolyzed-whey-protein
675,38,Optimum Nutrition,raw-material,RM-C38-natural-and-artificial-flavors-fbca0d45,natural-and-artificial-flavors
676,38,Optimum Nutrition,raw-material,RM-C38-natural-flavor-ec532add,natural-flavor
677,38,Optimum Nutrition,raw-material,RM-C38-salt-bddf68d5,salt
678,38,Optimum Nutrition,raw-material,RM-C38-soy-lecithin-563dc5ae,soy-lecithin
679,38,Optimum Nutrition,raw-material,RM-C38-sucralose-ea50c9df,sucralose
680,38,Optimum Nutrition,raw-material,RM-C38-sunflower-lecithin-57949880,sunflower-lecithin
681,38,Optimum Nutrition,raw-material,RM-C38-whey-protein-concentrate-c419722f,whey-protein-concentrate
682,38,Optimum Nutrition,raw-material,RM-C38-whey-protein-isolate-f910e5ae,whey-protein-isolate
683,38,Optimum Nutrition,raw-material,RM-C38-xanthan-gum-67eb24ef,xanthan-gum
684,39,Orgain,raw-material,RM-C39-cellulose-gum-04700a3c,cellulose-gum
685,39,Orgain,raw-material,RM-C39-grass-fed-whey-protein-concentrate-43f49f43,grass-fed-whey-protein-concentrate
686,39,Orgain,raw-material,RM-C39-natural-flavors-8eb8a548,natural-flavors
687,39,Orgain,raw-material,RM-C39-organic-acacia-a1a4fd61,organic-acacia
688,39,Orgain,raw-material,RM-C39-organic-erythritol-5e3cd183,organic-erythritol
690,39,Orgain,raw-material,RM-C39-organic-inulin-b5d7a6d9,organic-inulin
691,39,Orgain,raw-material,RM-C39-organic-rice-bran-extract-b66ec8f2,organic-rice-bran-extract
692,39,Orgain,raw-material,RM-C39-organic-rice-dextrins-1576ca20,organic-rice-dextrins
693,39,Orgain,raw-material,RM-C39-organic-rosemary-extract-64ac6002,organic-rosemary-extract
694,39,Orgain,raw-material,RM-C39-organic-stevia-5f6b93f5,organic-stevia
695,39,Orgain,raw-material,RM-C39-potassium-chloride-8ccbe8a7,potassium-chloride
696,39,Orgain,raw-material,RM-C39-sea-salt-ca9e7781,sea-salt
697,39,Orgain,raw-material,RM-C39-xanthan-gum-65a01479,xanthan-gum
698,40,PRIME HYDRATION+,raw-material,RM-C40-acesulfame-potassium-6684085e,acesulfame-potassium
699,40,PRIME HYDRATION+,raw-material,RM-C40-ascorbic-acid-vitamin-c-2db5a34b,ascorbic-acid-vitamin-c
700,40,PRIME HYDRATION+,raw-material,RM-C40-citric-acid-c97d12d1,citric-acid
701,40,PRIME HYDRATION+,raw-material,RM-C40-coconut-water-from-concentrate-c23c9c80,coconut-water-from-concentrate
702,40,PRIME HYDRATION+,raw-material,RM-C40-cyanocobalamin-vitamin-b12-2048bd4e,cyanocobalamin-vitamin-b12
703,40,PRIME HYDRATION+,raw-material,RM-C40-d-alpha-tocopheryl-acetate-vitamin-e-4f0e2772,d-alpha-tocopheryl-acetate-vitamin-e
704,40,PRIME HYDRATION+,raw-material,RM-C40-dipotassium-phosphate-0f032a47,dipotassium-phosphate
705,40,PRIME HYDRATION+,raw-material,RM-C40-l-isoleucine-fc3f6810,l-isoleucine
706,40,PRIME HYDRATION+,raw-material,RM-C40-l-leucine-dc251fa2,l-leucine
707,40,PRIME HYDRATION+,raw-material,RM-C40-l-valine-237d9405,l-valine
708,40,PRIME HYDRATION+,raw-material,RM-C40-magnesium-citrate-a5181724,magnesium-citrate
709,40,PRIME HYDRATION+,raw-material,RM-C40-natural-flavor-8c940fd7,natural-flavor
710,40,PRIME HYDRATION+,raw-material,RM-C40-pyridoxine-hydrochloride-vitamin-b6-3753727e,pyridoxine-hydrochloride-vitamin-b6
711,40,PRIME HYDRATION+,raw-material,RM-C40-retinyl-palmitate-vitamin-a-037f1204,retinyl-palmitate-vitamin-a
712,40,PRIME HYDRATION+,raw-material,RM-C40-sea-salt-cc1b7ba6,sea-salt
713,40,PRIME HYDRATION+,raw-material,RM-C40-sucralose-23b7e87e,sucralose
714,41,Pedialyte,raw-material,RM-C41-anhydrous-dextrose-d3ab3366,anhydrous-dextrose
715,41,Pedialyte,raw-material,RM-C41-citric-acid-1ace1f97,citric-acid
716,41,Pedialyte,raw-material,RM-C41-natural-and-artificial-flavors-9b95de33,natural-and-artificial-flavors
717,41,Pedialyte,raw-material,RM-C41-potassium-citrate-614cd5f0,potassium-citrate
718,41,Pedialyte,raw-material,RM-C41-salt-601e8ca1,salt
719,42,PowderVitamin,raw-material,RM-C42-calcium-7730815b,calcium
720,42,PowderVitamin,raw-material,RM-C42-magnesium-c8ab4bb5,magnesium
721,42,PowderVitamin,raw-material,RM-C42-manganese-48c4b6c0,manganese
722,42,PowderVitamin,raw-material,RM-C42-organic-stevia-673828e1,organic-stevia
723,42,PowderVitamin,raw-material,RM-C42-pink-himalayan-salt-0d9b133e,pink-himalayan-salt
724,42,PowderVitamin,raw-material,RM-C42-potassium-73c4631d,potassium
725,42,PowderVitamin,raw-material,RM-C42-vitamin-c-e6bbe2c3,vitamin-c
726,42,PowderVitamin,raw-material,RM-C42-zinc-9419c71d,zinc
727,43,Premier Protein,raw-material,RM-C43-acesulfame-potassium-0f3b3a01,acesulfame-potassium
728,43,Premier Protein,raw-material,RM-C43-natural-and-artificial-flavors-5df885b2,natural-and-artificial-flavors
729,43,Premier Protein,raw-material,RM-C43-salt-ff3b2d7b,salt
730,43,Premier Protein,raw-material,RM-C43-sucralose-34d90dd1,sucralose
731,43,Premier Protein,raw-material,RM-C43-sunflower-lecithin-c6faf83a,sunflower-lecithin
732,43,Premier Protein,raw-material,RM-C43-whey-protein-concentrate-9e1878ec,whey-protein-concentrate
733,43,Premier Protein,raw-material,RM-C43-whey-protein-isolate-f612d921,whey-protein-isolate
734,44,Ritual,raw-material,RM-C44-boron-calcium-fructoborate-e286252b,boron-calcium-fructoborate
735,44,Ritual,raw-material,RM-C44-cellulose-8f00a013,cellulose
737,44,Ritual,raw-material,RM-C44-gellan-gum-b7fdbe7e,gellan-gum
738,44,Ritual,raw-material,RM-C44-hypromellose-09b87db3,hypromellose
739,44,Ritual,raw-material,RM-C44-magnesium-dimagnesium-malate-ada4840f,magnesium-dimagnesium-malate
740,44,Ritual,raw-material,RM-C44-non-gmo-corn-zein-f09ef11c,non-gmo-corn-zein
741,44,Ritual,raw-material,RM-C44-omega-3-dha-93196c59,omega-3-dha
742,44,Ritual,raw-material,RM-C44-silica-eabf835d,silica
743,44,Ritual,raw-material,RM-C44-vitamin-a-retinyl-palmitate-c8fb97b4,vitamin-a-retinyl-palmitate
744,44,Ritual,raw-material,RM-C44-vitamin-b12-methylcobalamin-5f1622cd,vitamin-b12-methylcobalamin
745,44,Ritual,raw-material,RM-C44-vitamin-d3-cholecalciferol-7429dd7b,vitamin-d3-cholecalciferol
746,44,Ritual,raw-material,RM-C44-vitamin-e-alpha-tocopherol-0ac90371,vitamin-e-alpha-tocopherol
747,44,Ritual,raw-material,RM-C44-vitamin-k2-menaquinone-7-67e508fd,vitamin-k2-menaquinone-7
748,44,Ritual,raw-material,RM-C44-zinc-zinc-bisglycinate-1d1aacc9,zinc-zinc-bisglycinate
749,45,SALTWTR,raw-material,RM-C45-kalahari-desert-salt-bda53857,kalahari-desert-salt
750,45,SALTWTR,raw-material,RM-C45-natural-peach-flavor-ad37c12c,natural-peach-flavor
751,45,SALTWTR,raw-material,RM-C45-prebiotic-fiber-19375eea,prebiotic-fiber
752,45,SALTWTR,raw-material,RM-C45-probiotic-cultures-288f2f30,probiotic-cultures
753,46,Seeking Health,raw-material,RM-C46-chloride-f97942ce,chloride
754,46,Seeking Health,raw-material,RM-C46-magnesium-c7a80cd7,magnesium
755,46,Seeking Health,raw-material,RM-C46-potassium-2f0ec99d,potassium
756,46,Seeking Health,raw-material,RM-C46-sodium-ee605774,sodium
757,47,Simply Tera's,raw-material,RM-C47-organic-dairy-whey-protein-concentrate-380e0c61,organic-dairy-whey-protein-concentrate
758,47,Simply Tera's,raw-material,RM-C47-organic-sunflower-lecithin-0369477b,organic-sunflower-lecithin
759,48,Solgar,raw-material,RM-C48-microcrystalline-cellulose-aa7703fd,microcrystalline-cellulose
760,48,Solgar,raw-material,RM-C48-riboflavin-1c60a1f7,riboflavin
761,48,Solgar,raw-material,RM-C48-silica-35249d68,silica
762,48,Solgar,raw-material,RM-C48-vegetable-cellulose-61685b37,vegetable-cellulose
763,48,Solgar,raw-material,RM-C48-vegetable-glycerin-38cf02f7,vegetable-glycerin
764,48,Solgar,raw-material,RM-C48-vegetable-magnesium-stearate-f8b702b6,vegetable-magnesium-stearate
765,48,Solgar,raw-material,RM-C48-vegetable-stearic-acid-c62355d9,vegetable-stearic-acid
766,48,Solgar,raw-material,RM-C48-vitamin-d3-cholecalciferol-a14e1c25,vitamin-d3-cholecalciferol
767,49,Sports Research,raw-material,RM-C49-coconut-mct-oil-df9c4153,coconut-mct-oil
768,49,Sports Research,raw-material,RM-C49-plantgel-capsule-98443da5,plantgel-capsule
769,49,Sports Research,raw-material,RM-C49-vitamin-d3-cholecalciferol-0d990e67,vitamin-d3-cholecalciferol
770,49,Sports Research,raw-material,RM-C49-vitamin-k2-menaquinone-7-a5d25cb5,vitamin-k2-menaquinone-7
771,50,Spring Valley,raw-material,RM-C50-gelatin-e04eefe9,gelatin
772,50,Spring Valley,raw-material,RM-C50-glycerin-46154c5e,glycerin
774,50,Spring Valley,raw-material,RM-C50-soybean-oil-525500a0,soybean-oil
775,50,Spring Valley,raw-material,RM-C50-vitamin-d3-cholecalciferol-22ab18a7,vitamin-d3-cholecalciferol
776,51,TREVI,raw-material,RM-C51-beet-juice-powder-e6a75b77,beet-juice-powder
777,51,TREVI,raw-material,RM-C51-calcium-citrate-05013377,calcium-citrate
778,51,TREVI,raw-material,RM-C51-citric-acid-b71ce960,citric-acid
779,51,TREVI,raw-material,RM-C51-fruit-and-vegetable-juice-2b966920,fruit-and-vegetable-juice
780,51,TREVI,raw-material,RM-C51-magnesium-citrate-cab42be9,magnesium-citrate
781,51,TREVI,raw-material,RM-C51-malic-acid-ba710486,malic-acid
782,51,TREVI,raw-material,RM-C51-manganese-chelate-2371eb5e,manganese-chelate
783,51,TREVI,raw-material,RM-C51-natural-flavor-536a8cd1,natural-flavor
784,51,TREVI,raw-material,RM-C51-pink-himalayan-salt-81828c4c,pink-himalayan-salt
785,51,TREVI,raw-material,RM-C51-potassium-citrate-2d946db4,potassium-citrate
786,51,TREVI,raw-material,RM-C51-potassium-phosphate-adcfe753,potassium-phosphate
787,51,TREVI,raw-material,RM-C51-silicon-dioxide-ff5733b0,silicon-dioxide
788,51,TREVI,raw-material,RM-C51-stevia-leaf-extract-5786cb50,stevia-leaf-extract
789,51,TREVI,raw-material,RM-C51-sucralose-2f4eb103,sucralose
790,51,TREVI,raw-material,RM-C51-vitamin-c-calcium-ascorbate-cc36787c,vitamin-c-calcium-ascorbate
791,51,TREVI,raw-material,RM-C51-zinc-chelate-89f8dfbc,zinc-chelate
792,52,The Vitamin Shoppe,raw-material,RM-C52-aqueous-coating-d3902f73,aqueous-coating
793,52,The Vitamin Shoppe,raw-material,RM-C52-astaxanthin-52c593d5,astaxanthin
794,52,The Vitamin Shoppe,raw-material,RM-C52-b-vitamins-a8a22ae9,b-vitamins
795,52,The Vitamin Shoppe,raw-material,RM-C52-black-pepper-concentrate-c4264fd8,black-pepper-concentrate
796,52,The Vitamin Shoppe,raw-material,RM-C52-bone-gelatin-bovine-00801541,bone-gelatin-bovine
797,52,The Vitamin Shoppe,raw-material,RM-C52-boron-amino-acid-chelate-bddb269c,boron-amino-acid-chelate
798,52,The Vitamin Shoppe,raw-material,RM-C52-citrus-bioflavonoids-0eafa0d2,citrus-bioflavonoids
799,52,The Vitamin Shoppe,raw-material,RM-C52-coenzyme-q10-2ac6b422,coenzyme-q10
800,52,The Vitamin Shoppe,raw-material,RM-C52-croscarmellose-sodium-cf407533,croscarmellose-sodium
801,52,The Vitamin Shoppe,raw-material,RM-C52-gelatin-capsule-d73cae98,gelatin-capsule
802,52,The Vitamin Shoppe,raw-material,RM-C52-glycerin-6d2397e8,glycerin
803,52,The Vitamin Shoppe,raw-material,RM-C52-grape-seed-extract-24729e2a,grape-seed-extract
804,52,The Vitamin Shoppe,raw-material,RM-C52-green-tea-extract-d0c3336d,green-tea-extract
805,52,The Vitamin Shoppe,raw-material,RM-C52-hypromellose-capsule-1f966702,hypromellose-capsule
806,52,The Vitamin Shoppe,raw-material,RM-C52-inositol-7e1bd408,inositol
807,52,The Vitamin Shoppe,raw-material,RM-C52-lecithin-a3b01178,lecithin
808,52,The Vitamin Shoppe,raw-material,RM-C52-lutein-bbbf953c,lutein
809,52,The Vitamin Shoppe,raw-material,RM-C52-lycopene-7367e764,lycopene
810,52,The Vitamin Shoppe,raw-material,RM-C52-magnesium-bad565ba,magnesium
811,52,The Vitamin Shoppe,raw-material,RM-C52-magnesium-aspartate-587ada69,magnesium-aspartate
812,52,The Vitamin Shoppe,raw-material,RM-C52-magnesium-citrate-dd88ed96,magnesium-citrate
813,52,The Vitamin Shoppe,raw-material,RM-C52-magnesium-glycinate-18aefa48,magnesium-glycinate
814,52,The Vitamin Shoppe,raw-material,RM-C52-magnesium-stearate-c3a91d20,magnesium-stearate
815,52,The Vitamin Shoppe,raw-material,RM-C52-magnesium-taurate-a92bc022,magnesium-taurate
816,52,The Vitamin Shoppe,raw-material,RM-C52-microcrystalline-cellulose-10b9f4fb,microcrystalline-cellulose
817,52,The Vitamin Shoppe,raw-material,RM-C52-modified-cellulose-80821d07,modified-cellulose
818,52,The Vitamin Shoppe,raw-material,RM-C52-natural-vanilla-flavor-46230f28,natural-vanilla-flavor
819,52,The Vitamin Shoppe,raw-material,RM-C52-oil-fill-f62eb920,oil-fill
820,52,The Vitamin Shoppe,raw-material,RM-C52-performance-support-nutrients-165afec4,performance-support-nutrients
821,52,The Vitamin Shoppe,raw-material,RM-C52-pomegranate-extract-9e5077f4,pomegranate-extract
823,52,The Vitamin Shoppe,raw-material,RM-C52-resveratrol-380303bc,resveratrol
824,52,The Vitamin Shoppe,raw-material,RM-C52-rhodiola-rosea-extract-root-67517b7c,rhodiola-rosea-extract-root
825,52,The Vitamin Shoppe,raw-material,RM-C52-silica-b4663ebe,silica
826,52,The Vitamin Shoppe,raw-material,RM-C52-stearic-acid-bc04499f,stearic-acid
827,52,The Vitamin Shoppe,raw-material,RM-C52-sunflower-oil-32988c9f,sunflower-oil
828,52,The Vitamin Shoppe,raw-material,RM-C52-vanadium-as-vanadyl-sulfate-52713008,vanadium-as-vanadyl-sulfate
829,52,The Vitamin Shoppe,raw-material,RM-C52-vitamin-a-2b057046,vitamin-a
830,52,The Vitamin Shoppe,raw-material,RM-C52-vitamin-c-cb25e76b,vitamin-c
831,52,The Vitamin Shoppe,raw-material,RM-C52-vitamin-d-8be54225,vitamin-d
832,52,The Vitamin Shoppe,raw-material,RM-C52-vitamin-d3-cholecalciferol-1d08f804,vitamin-d3-cholecalciferol
833,52,The Vitamin Shoppe,raw-material,RM-C52-vitamin-e-ba108fda,vitamin-e
834,52,The Vitamin Shoppe,raw-material,RM-C52-vitamin-k2-14872ba1,vitamin-k2
835,52,The Vitamin Shoppe,raw-material,RM-C52-whey-protein-isolate-c26e7fed,whey-protein-isolate
836,52,The Vitamin Shoppe,raw-material,RM-C52-zeaxanthin-fdb7165d,zeaxanthin
837,52,The Vitamin Shoppe,raw-material,RM-C52-zinc-0d5d167a,zinc
838,53,Thorne,raw-material,RM-C53-hypromellose-62e46f08,hypromellose
839,53,Thorne,raw-material,RM-C53-leucine-d14d0c88,leucine
840,53,Thorne,raw-material,RM-C53-microcrystalline-cellulose-50860e67,microcrystalline-cellulose
841,53,Thorne,raw-material,RM-C53-silicon-dioxide-e129db18,silicon-dioxide
842,53,Thorne,raw-material,RM-C53-vitamin-d3-cholecalciferol-d3043492,vitamin-d3-cholecalciferol
843,53,Thorne,raw-material,RM-C53-vitamin-e-d-alpha-tocopheryl-95f6e23c,vitamin-e-d-alpha-tocopheryl
844,54,Thrive Market,raw-material,RM-C54-natural-vanilla-flavor-a683c377,natural-vanilla-flavor
845,54,Thrive Market,raw-material,RM-C54-organic-whey-protein-37daa164,organic-whey-protein
846,55,Trace,raw-material,RM-C55-alfalfa-leaf-d50c2290,alfalfa-leaf
847,55,Trace,raw-material,RM-C55-boron-4ae66b5e,boron
848,55,Trace,raw-material,RM-C55-chloride-785dda86,chloride
849,55,Trace,raw-material,RM-C55-concentrace-trace-minerals-d946a4e9,concentrace-trace-minerals
850,55,Trace,raw-material,RM-C55-croscarmellose-sodium-f806a3ba,croscarmellose-sodium
851,55,Trace,raw-material,RM-C55-hydroxypropyl-methyl-cellulose-d319fb46,hydroxypropyl-methyl-cellulose
852,55,Trace,raw-material,RM-C55-iron-glycinate-6ef778b3,iron-glycinate
853,55,Trace,raw-material,RM-C55-kelp-extract-c17e558c,kelp-extract
854,55,Trace,raw-material,RM-C55-magnesium-719304ad,magnesium
855,55,Trace,raw-material,RM-C55-magnesium-stearate-475309ec,magnesium-stearate
856,55,Trace,raw-material,RM-C55-microcrystalline-cellulose-6b9cdf39,microcrystalline-cellulose
857,55,Trace,raw-material,RM-C55-potassium-aaed46d8,potassium
858,55,Trace,raw-material,RM-C55-sodium-613e8388,sodium
859,55,Trace,raw-material,RM-C55-stearic-acid-3a1ca9f9,stearic-acid
860,55,Trace,raw-material,RM-C55-sulfate-92639eea,sulfate
861,55,Trace,raw-material,RM-C55-taurine-e1cf4b6c,taurine
862,55,Trace,raw-material,RM-C55-vitamin-b6-pyridoxal-5-phosphate-5af7c48a,vitamin-b6-pyridoxal-5-phosphate
863,56,Ultima Replenisher,raw-material,RM-C56-beet-extract-e7c171ca,beet-extract
864,56,Ultima Replenisher,raw-material,RM-C56-beta-carotene-30b80b09,beta-carotene
865,56,Ultima Replenisher,raw-material,RM-C56-calcium-ascorbate-fca157d3,calcium-ascorbate
866,56,Ultima Replenisher,raw-material,RM-C56-calcium-lactate-gluconate-44d08e4d,calcium-lactate-gluconate
867,56,Ultima Replenisher,raw-material,RM-C56-citric-acid-d55c874f,citric-acid
868,56,Ultima Replenisher,raw-material,RM-C56-coloring-concentrates-92216482,coloring-concentrates
869,56,Ultima Replenisher,raw-material,RM-C56-magnesium-citrate-5cf5996a,magnesium-citrate
870,56,Ultima Replenisher,raw-material,RM-C56-malic-acid-6d696fa8,malic-acid
871,56,Ultima Replenisher,raw-material,RM-C56-manganese-citrate-0b990e60,manganese-citrate
872,56,Ultima Replenisher,raw-material,RM-C56-natural-flavors-4adc0048,natural-flavors
873,56,Ultima Replenisher,raw-material,RM-C56-natural-passionfruit-flavor-e6075eee,natural-passionfruit-flavor
874,56,Ultima Replenisher,raw-material,RM-C56-natural-tangerine-flavor-ed4b8232,natural-tangerine-flavor
875,56,Ultima Replenisher,raw-material,RM-C56-organic-stevia-leaf-extract-rebaudioside-a-4b383f8d,organic-stevia-leaf-extract-rebaudioside-a
876,56,Ultima Replenisher,raw-material,RM-C56-other-natural-flavors-565ce93f,other-natural-flavors
877,56,Ultima Replenisher,raw-material,RM-C56-potassium-aspartate-e54e5e27,potassium-aspartate
878,56,Ultima Replenisher,raw-material,RM-C56-potassium-phosphate-066639d2,potassium-phosphate
879,56,Ultima Replenisher,raw-material,RM-C56-rebaudioside-a-a60df8cc,rebaudioside-a
880,56,Ultima Replenisher,raw-material,RM-C56-salt-sodium-chloride-aa9476b4,salt-sodium-chloride
881,56,Ultima Replenisher,raw-material,RM-C56-zinc-citrate-45e7f827,zinc-citrate
882,57,Vitacost,raw-material,RM-C57-b-vitamins-43e97376,b-vitamins
883,57,Vitacost,raw-material,RM-C57-calcium-c4d04740,calcium
884,57,Vitacost,raw-material,RM-C57-coq10-9d71a3b0,coq10
885,57,Vitacost,raw-material,RM-C57-cultured-nutrients-5c87fee4,cultured-nutrients
886,57,Vitacost,raw-material,RM-C57-fruit-nutrients-b65036d4,fruit-nutrients
887,57,Vitacost,raw-material,RM-C57-gelatin-7989e661,gelatin
888,57,Vitacost,raw-material,RM-C57-glycerin-f6cb3f81,glycerin
889,57,Vitacost,raw-material,RM-C57-green-tea-extract-392bcde1,green-tea-extract
890,57,Vitacost,raw-material,RM-C57-hydroxypropyl-methylcellulose-fd866cd2,hydroxypropyl-methylcellulose
891,57,Vitacost,raw-material,RM-C57-magnesium-21307eac,magnesium
892,57,Vitacost,raw-material,RM-C57-magnesium-l-threonate-magtein-f0269f1e,magnesium-l-threonate-magtein
893,57,Vitacost,raw-material,RM-C57-magnesium-amino-acid-chelate-9d18d641,magnesium-amino-acid-chelate
894,57,Vitacost,raw-material,RM-C57-magnesium-malate-20ee1628,magnesium-malate
895,57,Vitacost,raw-material,RM-C57-magnesium-oxide-bfe97255,magnesium-oxide
896,57,Vitacost,raw-material,RM-C57-magnesium-taurinate-cc787279,magnesium-taurinate
897,57,Vitacost,raw-material,RM-C57-microcrystalline-cellulose-4a390b30,microcrystalline-cellulose
898,57,Vitacost,raw-material,RM-C57-oil-fill-6d6c2601,oil-fill
899,57,Vitacost,raw-material,RM-C57-potassium-f8472195,potassium
900,57,Vitacost,raw-material,RM-C57-resveratrol-61a80a5b,resveratrol
901,57,Vitacost,raw-material,RM-C57-rice-flour-110edd38,rice-flour
902,57,Vitacost,raw-material,RM-C57-selenium-e7d5f552,selenium
903,57,Vitacost,raw-material,RM-C57-silicon-dioxide-2a2a437f,silicon-dioxide
904,57,Vitacost,raw-material,RM-C57-trace-mineral-concentrate-74f28e46,trace-mineral-concentrate
905,57,Vitacost,raw-material,RM-C57-vegetable-magnesium-stearate-006c7e32,vegetable-magnesium-stearate
906,57,Vitacost,raw-material,RM-C57-vegetable-nutrients-4667fd2d,vegetable-nutrients
907,57,Vitacost,raw-material,RM-C57-vegetable-stearic-acid-d0876531,vegetable-stearic-acid
908,57,Vitacost,raw-material,RM-C57-vitamin-a-67ccef59,vitamin-a
909,57,Vitacost,raw-material,RM-C57-vitamin-c-51069db6,vitamin-c
910,57,Vitacost,raw-material,RM-C57-vitamin-d-d6cf0dcb,vitamin-d
911,57,Vitacost,raw-material,RM-C57-vitamin-d3-9213116f,vitamin-d3
912,57,Vitacost,raw-material,RM-C57-vitamin-d3-cholecalciferol-528f4316,vitamin-d3-cholecalciferol
913,57,Vitacost,raw-material,RM-C57-vitamin-e-4ec68bfe,vitamin-e
915,57,Vitacost,raw-material,RM-C57-zinc-6557a033,zinc
916,58,Vitafusion,raw-material,RM-C58-blend-of-oils-coconut-and-or-palm-with-beeswax-and-or-carnauba-w-740c2381,blend-of-oils-coconut-and-or-palm-with-beeswax-and-or-carnauba-w
917,58,Vitafusion,raw-material,RM-C58-citric-acid-37ade881,citric-acid
918,58,Vitafusion,raw-material,RM-C58-gelatin-c50b9920,gelatin
919,58,Vitafusion,raw-material,RM-C58-lactic-acid-24bdbce4,lactic-acid
920,58,Vitafusion,raw-material,RM-C58-natural-cherry-flavor-01fcd8a9,natural-cherry-flavor
921,58,Vitafusion,raw-material,RM-C58-sugar-117cb796,sugar
922,58,Vitafusion,raw-material,RM-C58-tapioca-syrup-7b1d82e3,tapioca-syrup
923,58,Vitafusion,raw-material,RM-C58-vitamin-b12-0f254674,vitamin-b12
925,59,Walgreens,raw-material,RM-C59-ascorbic-acid-56e58451,ascorbic-acid
926,59,Walgreens,raw-material,RM-C59-ascorbyl-palmitate-e1e4a88d,ascorbyl-palmitate
927,59,Walgreens,raw-material,RM-C59-bht-2d7917e1,bht
928,59,Walgreens,raw-material,RM-C59-beta-carotene-90830a92,beta-carotene
929,59,Walgreens,raw-material,RM-C59-biotin-463a7b27,biotin
930,59,Walgreens,raw-material,RM-C59-calcium-carbonate-690f19e0,calcium-carbonate
931,59,Walgreens,raw-material,RM-C59-carboxymethylcellulose-sodium-133ab5ac,carboxymethylcellulose-sodium
932,59,Walgreens,raw-material,RM-C59-cholecalciferol-509366a6,cholecalciferol
933,59,Walgreens,raw-material,RM-C59-chromium-picolinate-0dcb6cc2,chromium-picolinate
934,59,Walgreens,raw-material,RM-C59-cupric-sulfate-5e195820,cupric-sulfate
935,59,Walgreens,raw-material,RM-C59-cyanocobalamin-8c510008,cyanocobalamin
936,59,Walgreens,raw-material,RM-C59-d-calcium-pantothenate-038632c0,d-calcium-pantothenate
937,59,Walgreens,raw-material,RM-C59-folic-acid-b94e91e8,folic-acid
938,59,Walgreens,raw-material,RM-C59-hydroxypropyl-methylcellulose-abdbe801,hydroxypropyl-methylcellulose
939,59,Walgreens,raw-material,RM-C59-magnesium-oxide-4a98c9ca,magnesium-oxide
940,59,Walgreens,raw-material,RM-C59-magnesium-stearate-4561c008,magnesium-stearate
941,59,Walgreens,raw-material,RM-C59-maltodextrin-b4840597,maltodextrin
942,59,Walgreens,raw-material,RM-C59-manganese-sulfate-ef83585c,manganese-sulfate
943,59,Walgreens,raw-material,RM-C59-medium-chain-triglycerides-3a3179d8,medium-chain-triglycerides
944,59,Walgreens,raw-material,RM-C59-microcrystalline-cellulose-eb777a11,microcrystalline-cellulose
945,59,Walgreens,raw-material,RM-C59-nicotinamide-c2fc9f74,nicotinamide
946,59,Walgreens,raw-material,RM-C59-phytonadione-9828ed92,phytonadione
947,59,Walgreens,raw-material,RM-C59-polyvinyl-alcohol-0b7755ed,polyvinyl-alcohol
948,59,Walgreens,raw-material,RM-C59-pyridoxine-hydrochloride-8e3b8cb3,pyridoxine-hydrochloride
949,59,Walgreens,raw-material,RM-C59-retinyl-acetate-66d8f431,retinyl-acetate
950,59,Walgreens,raw-material,RM-C59-riboflavin-6d322379,riboflavin
951,59,Walgreens,raw-material,RM-C59-silica-632f3bc8,silica
952,59,Walgreens,raw-material,RM-C59-sodium-selenite-4368f280,sodium-selenite
953,59,Walgreens,raw-material,RM-C59-sodium-starch-glycolate-c3fc22e9,sodium-starch-glycolate
954,59,Walgreens,raw-material,RM-C59-sorbitol-8ca4b855,sorbitol
955,59,Walgreens,raw-material,RM-C59-starch-8ddef958,starch
956,59,Walgreens,raw-material,RM-C59-thiamine-mononitrate-9971bee4,thiamine-mononitrate
957,59,Walgreens,raw-material,RM-C59-zinc-oxide-b64ce7de,zinc-oxide
958,59,Walgreens,raw-material,RM-C59-dl-tartaric-acid-03e26fb5,dl-tartaric-acid
959,60,Wellmade,raw-material,RM-C60-b-vitamins-228430aa,b-vitamins
960,60,Wellmade,raw-material,RM-C60-iron-99cff33a,iron
961,60,Wellmade,raw-material,RM-C60-magnesium-glycinate-37b966a0,magnesium-glycinate
962,60,Wellmade,raw-material,RM-C60-organic-agave-inulin-powder-d12caa82,organic-agave-inulin-powder
963,60,Wellmade,raw-material,RM-C60-organic-food-complex-83c82fa3,organic-food-complex
964,60,Wellmade,raw-material,RM-C60-organic-food-complex-blend-20007d19,organic-food-complex-blend
965,60,Wellmade,raw-material,RM-C60-vegan-capsule-hypromellose-e7b625d7,vegan-capsule-hypromellose
966,60,Wellmade,raw-material,RM-C60-vitamin-a-f0d3ee67,vitamin-a
967,60,Wellmade,raw-material,RM-C60-vitamin-c-26700f36,vitamin-c
968,60,Wellmade,raw-material,RM-C60-vitamin-d3-301398bc,vitamin-d3
969,60,Wellmade,raw-material,RM-C60-vitamin-e-51bd7c78,vitamin-e
971,61,Women's Best,raw-material,RM-C61-acesulfame-potassium-0fe24e86,acesulfame-potassium
972,61,Women's Best,raw-material,RM-C61-artificial-flavors-1a59971a,artificial-flavors
973,61,Women's Best,raw-material,RM-C61-natural-flavors-987592fa,natural-flavors
974,61,Women's Best,raw-material,RM-C61-salt-69aa56ac,salt
975,61,Women's Best,raw-material,RM-C61-silicon-dioxide-b7db8185,silicon-dioxide
976,61,Women's Best,raw-material,RM-C61-sucralose-ca42d35b,sucralose
977,61,Women's Best,raw-material,RM-C61-sunflower-lecithin-3bc12a21,sunflower-lecithin
978,61,Women's Best,raw-material,RM-C61-whey-protein-concentrate-1e516212,whey-protein-concentrate
979,61,Women's Best,raw-material,RM-C61-whey-protein-isolate-a098ef43,whey-protein-isolate
980,61,Women's Best,raw-material,RM-C61-xanthan-gum-aaef1463,xanthan-gum
981,62,up&up,raw-material,RM-C62-acesulfame-potassium-db0d2756,acesulfame-potassium
982,62,up&up,raw-material,RM-C62-ascorbic-acid-vitamin-c-bafc417d,ascorbic-acid-vitamin-c
983,62,up&up,raw-material,RM-C62-biotin-bde34d3e,biotin
984,62,up&up,raw-material,RM-C62-calcium-060cf77f,calcium
985,62,up&up,raw-material,RM-C62-calcium-carbonate-f7674431,calcium-carbonate
986,62,up&up,raw-material,RM-C62-calcium-pantothenate-vitamin-b5-be397bac,calcium-pantothenate-vitamin-b5
987,62,up&up,raw-material,RM-C62-cane-sugar-3a174aee,cane-sugar
988,62,up&up,raw-material,RM-C62-carboxymethylcellulose-sodium-4b2d41f6,carboxymethylcellulose-sodium
989,62,up&up,raw-material,RM-C62-carnauba-wax-1b29fa95,carnauba-wax
990,62,up&up,raw-material,RM-C62-chromium-3b73995f,chromium
991,62,up&up,raw-material,RM-C62-citric-acid-1bf7cf36,citric-acid
992,62,up&up,raw-material,RM-C62-copper-ac5ea57f,copper
993,62,up&up,raw-material,RM-C62-corn-oil-910491c6,corn-oil
994,62,up&up,raw-material,RM-C62-croscarmellose-sodium-f8a1a234,croscarmellose-sodium
995,62,up&up,raw-material,RM-C62-cyanocobalamin-vitamin-b12-64ceac07,cyanocobalamin-vitamin-b12
996,62,up&up,raw-material,RM-C62-dextrose-fee38410,dextrose
997,62,up&up,raw-material,RM-C62-dipotassium-phosphate-e5d48242,dipotassium-phosphate
998,62,up&up,raw-material,RM-C62-folate-00e488da,folate
999,62,up&up,raw-material,RM-C62-gelatin-f333c686,gelatin
1000,62,up&up,raw-material,RM-C62-gum-acacia-5116cd9c,gum-acacia
1001,62,up&up,raw-material,RM-C62-iron-ce69dcf7,iron
1002,62,up&up,raw-material,RM-C62-magnesium-27e501c9,magnesium
1003,62,up&up,raw-material,RM-C62-magnesium-glycinate-91e40c88,magnesium-glycinate
1004,62,up&up,raw-material,RM-C62-magnesium-oxide-f01522b4,magnesium-oxide
1005,62,up&up,raw-material,RM-C62-magnesium-silicate-a5115f01,magnesium-silicate
1006,62,up&up,raw-material,RM-C62-magnesium-stearate-f03e0ce6,magnesium-stearate
1007,62,up&up,raw-material,RM-C62-maltodextrin-e4ad06b4,maltodextrin
1008,62,up&up,raw-material,RM-C62-manganese-1e2d5f6c,manganese
1009,62,up&up,raw-material,RM-C62-microcrystalline-cellulose-c7cb2454,microcrystalline-cellulose
1010,62,up&up,raw-material,RM-C62-natural-and-artificial-flavors-8d2408fe,natural-and-artificial-flavors
1011,62,up&up,raw-material,RM-C62-natural-flavor-d8548a82,natural-flavor
1012,62,up&up,raw-material,RM-C62-niacinamide-5dd1cad0,niacinamide
1013,62,up&up,raw-material,RM-C62-niacinamide-vitamin-b3-6eb51d3f,niacinamide-vitamin-b3
1014,62,up&up,raw-material,RM-C62-pantothenic-acid-e361dd4c,pantothenic-acid
1015,62,up&up,raw-material,RM-C62-pea-starch-b6c86033,pea-starch
1016,62,up&up,raw-material,RM-C62-pharmaceutical-glaze-9e2f2a57,pharmaceutical-glaze
1017,62,up&up,raw-material,RM-C62-potassium-citrate-916cd876,potassium-citrate
1019,62,up&up,raw-material,RM-C62-pyridoxine-hydrochloride-vitamin-b6-7b4a9792,pyridoxine-hydrochloride-vitamin-b6
1020,62,up&up,raw-material,RM-C62-riboflavin-98692789,riboflavin
1021,62,up&up,raw-material,RM-C62-rice-powder-2b0b6431,rice-powder
1022,62,up&up,raw-material,RM-C62-salt-8c7e3d71,salt
1023,62,up&up,raw-material,RM-C62-silica-37e58489,silica
1024,62,up&up,raw-material,RM-C62-silicon-dioxide-0de24b28,silicon-dioxide
1025,62,up&up,raw-material,RM-C62-sodium-alginate-079fb879,sodium-alginate
1026,62,up&up,raw-material,RM-C62-sodium-citrate-b96411ba,sodium-citrate
1027,62,up&up,raw-material,RM-C62-soy-lecithin-2621a336,soy-lecithin
1028,62,up&up,raw-material,RM-C62-soybean-oil-e3a6ee3c,soybean-oil
1029,62,up&up,raw-material,RM-C62-starch-5debaa10,starch
1030,62,up&up,raw-material,RM-C62-stearic-acid-29ed75dd,stearic-acid
1031,62,up&up,raw-material,RM-C62-stevia-leaf-extract-646b040d,stevia-leaf-extract
1032,62,up&up,raw-material,RM-C62-sucralose-c98ea80a,sucralose
1033,62,up&up,raw-material,RM-C62-thiamin-3f27fbc4,thiamin
1034,62,up&up,raw-material,RM-C62-vegetable-glycerin-45011119,vegetable-glycerin
1035,62,up&up,raw-material,RM-C62-vegetable-magnesium-stearate-9a981b0a,vegetable-magnesium-stearate
1036,62,up&up,raw-material,RM-C62-vitamin-a-237ecc57,vitamin-a
1037,62,up&up,raw-material,RM-C62-vitamin-b6-fc69f47f,vitamin-b6
1038,62,up&up,raw-material,RM-C62-vitamin-c-b1892692,vitamin-c
1039,62,up&up,raw-material,RM-C62-vitamin-d3-58becc1b,vitamin-d3
1040,62,up&up,raw-material,RM-C62-vitamin-d3-cholecalciferol-c763da21,vitamin-d3-cholecalciferol
1041,62,up&up,raw-material,RM-C62-vitamin-e-4af75bd6,vitamin-e
1042,62,up&up,raw-material,RM-C62-vitamin-k-c09d2fee,vitamin-k
1043,62,up&up,raw-material,RM-C62-whey-protein-concentrate-ea7872cd,whey-protein-concentrate
1044,62,up&up,raw-material,RM-C62-whey-protein-isolate-fe1d5c8c,whey-protein-isolate
1045,62,up&up,raw-material,RM-C62-xanthan-gum-91be16c3,xanthan-gum
1046,62,up&up,raw-material,RM-C62-zinc-e3a68036,zinc
